MAE,MAPE,R2,RMSE,准确率,精确率
2.09,8.19,0.235,4.559,0.9181159689902894,0.9796875
