MAE,MAPE,R2,RMSE,准确率,精确率
3.854,10.22,0.008,8.476,0.8978079620899,0.908695652173913
